INSERT INTO MOVIE VALUES (1,'Forest Gump');
INSERT INTO MOVIE VALUES (2,'Back to the Future');
INSERT INTO MOVIE VALUES (3,'Die Hard');

INSERT INTO ROOM VALUES (1);
INSERT INTO ROOM VALUES (2);
INSERT INTO ROOM VALUES (3);

INSERT INTO SEAT(id,seat_row,seat_column) VALUES (1,'A',1);
INSERT INTO SEAT(id,seat_row,seat_column) VALUES (2,'A',2);
INSERT INTO SEAT(id,seat_row,seat_column) VALUES (3,'A',3);
INSERT INTO SEAT(id,seat_row,seat_column) VALUES (4,'A',4);
INSERT INTO SEAT(id,seat_row,seat_column) VALUES (5,'A',5);
INSERT INTO SEAT(id,seat_row,seat_column) VALUES (6,'A',6);
INSERT INTO SEAT(id,seat_row,seat_column) VALUES (7,'A',7);
INSERT INTO SEAT(id,seat_row,seat_column) VALUES (8,'A',8);
INSERT INTO SEAT(id,seat_row,seat_column) VALUES (9,'B',1);
INSERT INTO SEAT(id,seat_row,seat_column) VALUES (10,'B',2);
INSERT INTO SEAT(id,seat_row,seat_column) VALUES (11,'B',3);
INSERT INTO SEAT(id,seat_row,seat_column) VALUES (12,'B',4);
INSERT INTO SEAT(id,seat_row,seat_column) VALUES (13,'B',5);
INSERT INTO SEAT(id,seat_row,seat_column) VALUES (14,'B',6);
INSERT INTO SEAT(id,seat_row,seat_column) VALUES (15,'B',7);
INSERT INTO SEAT(id,seat_row,seat_column) VALUES (16,'B',8);
INSERT INTO SEAT(id,seat_row,seat_column) VALUES (17,'C',1);
INSERT INTO SEAT(id,seat_row,seat_column) VALUES (18,'C',2);
INSERT INTO SEAT(id,seat_row,seat_column) VALUES (19,'C',3);
INSERT INTO SEAT(id,seat_row,seat_column) VALUES (20,'C',4);
INSERT INTO SEAT(id,seat_row,seat_column) VALUES (21,'C',5);
INSERT INTO SEAT(id,seat_row,seat_column) VALUES (22,'C',6);
INSERT INTO SEAT(id,seat_row,seat_column) VALUES (23,'C',7);
INSERT INTO SEAT(id,seat_row,seat_column) VALUES (24,'C',8);
INSERT INTO SEAT(id,seat_row,seat_column) VALUES (25,'D',1);
INSERT INTO SEAT(id,seat_row,seat_column) VALUES (26,'D',2);
INSERT INTO SEAT(id,seat_row,seat_column) VALUES (27,'D',3);
INSERT INTO SEAT(id,seat_row,seat_column) VALUES (28,'D',4);
INSERT INTO SEAT(id,seat_row,seat_column) VALUES (29,'D',5);
INSERT INTO SEAT(id,seat_row,seat_column) VALUES (30,'D',6);
INSERT INTO SEAT(id,seat_row,seat_column) VALUES (31,'D',7);
INSERT INTO SEAT(id,seat_row,seat_column) VALUES (32,'D',8);
--Room 1
INSERT INTO ROOM_SEATS VALUES (1,1);
INSERT INTO ROOM_SEATS VALUES (1,2);
INSERT INTO ROOM_SEATS VALUES (1,3);
INSERT INTO ROOM_SEATS VALUES (1,4);
INSERT INTO ROOM_SEATS VALUES (1,5);
INSERT INTO ROOM_SEATS VALUES (1,6);
INSERT INTO ROOM_SEATS VALUES (1,7);
INSERT INTO ROOM_SEATS VALUES (1,8);
INSERT INTO ROOM_SEATS VALUES (1,9);
INSERT INTO ROOM_SEATS VALUES (1,10);
INSERT INTO ROOM_SEATS VALUES (1,11);
INSERT INTO ROOM_SEATS VALUES (1,12);
INSERT INTO ROOM_SEATS VALUES (1,13);
INSERT INTO ROOM_SEATS VALUES (1,14);
INSERT INTO ROOM_SEATS VALUES (1,15);
INSERT INTO ROOM_SEATS VALUES (1,16);
INSERT INTO ROOM_SEATS VALUES (1,17);
INSERT INTO ROOM_SEATS VALUES (1,18);
INSERT INTO ROOM_SEATS VALUES (1,19);
INSERT INTO ROOM_SEATS VALUES (1,20);
INSERT INTO ROOM_SEATS VALUES (1,21);
INSERT INTO ROOM_SEATS VALUES (1,22);
INSERT INTO ROOM_SEATS VALUES (1,23);
INSERT INTO ROOM_SEATS VALUES (1,24);
INSERT INTO ROOM_SEATS VALUES (1,25);
INSERT INTO ROOM_SEATS VALUES (1,26);
INSERT INTO ROOM_SEATS VALUES (1,27);
INSERT INTO ROOM_SEATS VALUES (1,28);
INSERT INTO ROOM_SEATS VALUES (1,29);
INSERT INTO ROOM_SEATS VALUES (1,30);
INSERT INTO ROOM_SEATS VALUES (1,31);
INSERT INTO ROOM_SEATS VALUES (1,32);
--Room 2
INSERT INTO ROOM_SEATS VALUES (2,1);
INSERT INTO ROOM_SEATS VALUES (2,2);
INSERT INTO ROOM_SEATS VALUES (2,3);
INSERT INTO ROOM_SEATS VALUES (2,4);
INSERT INTO ROOM_SEATS VALUES (2,5);
INSERT INTO ROOM_SEATS VALUES (2,6);
INSERT INTO ROOM_SEATS VALUES (2,7);
INSERT INTO ROOM_SEATS VALUES (2,8);
INSERT INTO ROOM_SEATS VALUES (2,9);
INSERT INTO ROOM_SEATS VALUES (2,10);
INSERT INTO ROOM_SEATS VALUES (2,11);
INSERT INTO ROOM_SEATS VALUES (2,12);
INSERT INTO ROOM_SEATS VALUES (2,13);
INSERT INTO ROOM_SEATS VALUES (2,14);
INSERT INTO ROOM_SEATS VALUES (2,15);
INSERT INTO ROOM_SEATS VALUES (2,16);
INSERT INTO ROOM_SEATS VALUES (2,17);
INSERT INTO ROOM_SEATS VALUES (2,18);
INSERT INTO ROOM_SEATS VALUES (2,19);
INSERT INTO ROOM_SEATS VALUES (2,20);
INSERT INTO ROOM_SEATS VALUES (2,21);
INSERT INTO ROOM_SEATS VALUES (2,22);
INSERT INTO ROOM_SEATS VALUES (2,23);
INSERT INTO ROOM_SEATS VALUES (2,24);
--Room 3
INSERT INTO ROOM_SEATS VALUES (3,1);
INSERT INTO ROOM_SEATS VALUES (3,2);
INSERT INTO ROOM_SEATS VALUES (3,3);
INSERT INTO ROOM_SEATS VALUES (3,4);
INSERT INTO ROOM_SEATS VALUES (3,5);
INSERT INTO ROOM_SEATS VALUES (3,6);
INSERT INTO ROOM_SEATS VALUES (3,9);
INSERT INTO ROOM_SEATS VALUES (3,10);
INSERT INTO ROOM_SEATS VALUES (3,11);
INSERT INTO ROOM_SEATS VALUES (3,12);
INSERT INTO ROOM_SEATS VALUES (3,13);
INSERT INTO ROOM_SEATS VALUES (3,14);
INSERT INTO ROOM_SEATS VALUES (3,17);
INSERT INTO ROOM_SEATS VALUES (3,18);
INSERT INTO ROOM_SEATS VALUES (3,19);
INSERT INTO ROOM_SEATS VALUES (3,20);
INSERT INTO ROOM_SEATS VALUES (3,21);
INSERT INTO ROOM_SEATS VALUES (3,22);
INSERT INTO ROOM_SEATS VALUES (3,25);
INSERT INTO ROOM_SEATS VALUES (3,26);
INSERT INTO ROOM_SEATS VALUES (3,27);
INSERT INTO ROOM_SEATS VALUES (3,28);
INSERT INTO ROOM_SEATS VALUES (3,29);
INSERT INTO ROOM_SEATS VALUES (3,30);
INSERT INTO ROOM_SEATS VALUES (3,31);
INSERT INTO ROOM_SEATS VALUES (3,32);
--20.06 10:30
INSERT INTO SCREENING(id,start_time,movie_id,room_id) VALUES (1,PARSEDATETIME('20-06-2022 10:30', 'dd-MM-yyyy HH:mm'),1,1);
INSERT INTO SCREENING(id,start_time,movie_id,room_id) VALUES (2,PARSEDATETIME('20-06-2022 10:30', 'dd-MM-yyyy HH:mm'),2,2);
INSERT INTO SCREENING(id,start_time,movie_id,room_id) VALUES (3,PARSEDATETIME('20-06-2022 10:30', 'dd-MM-yyyy HH:mm'),3,3);
--20.06 17:30
INSERT INTO SCREENING(id,start_time,movie_id,room_id) VALUES (4,PARSEDATETIME('20-06-2022 17:30', 'dd-MM-yyyy HH:mm'),1,2);
INSERT INTO SCREENING(id,start_time,movie_id,room_id) VALUES (5,PARSEDATETIME('20-06-2022 17:30', 'dd-MM-yyyy HH:mm'),2,3);
INSERT INTO SCREENING(id,start_time,movie_id,room_id) VALUES (6,PARSEDATETIME('20-06-2022 17:30', 'dd-MM-yyyy HH:mm'),3,1);
--21.06 10:30
INSERT INTO SCREENING(id,start_time,movie_id,room_id) VALUES (7,PARSEDATETIME('21-06-2022 10:30', 'dd-MM-yyyy HH:mm'),1,1);
--21.06 13:30
INSERT INTO SCREENING(id,start_time,movie_id,room_id) VALUES (8,PARSEDATETIME('21-06-2022 13:30', 'dd-MM-yyyy HH:mm'),2,2);
--21.06 17:30
INSERT INTO SCREENING(id,start_time,movie_id,room_id) VALUES (9,PARSEDATETIME('21-06-2022 17:30', 'dd-MM-yyyy HH:mm'),3,3);

INSERT INTO TICKET(screening_id,seat_id,price) VALUES (1,2,12.5);
INSERT INTO TICKET(screening_id,seat_id,price) VALUES (1,3,12.5);
COMMIT;